NAME,VALUE,SCENARIO,REGION,REGION2,DAYTYPE,FUEL,EMISSION,DAILYTIMEBRACKET,SEASON,TIMESLICE,MODE_OF_OPERATION,STORAGE,TECHNOLOGY,YEAR,PARAM,REGION_x,REGION_y
TotCapacityAnn,78.0,,STOCKHOLM,,,,,,,,,,BristaB2,2023.0,ResidualCapacity,,
TotCapacityAnn,88.0,,STOCKHOLM,,,,,,,,,,BristaB2,2024.0,ResidualCapacity,,
TotCapacityAnn,98.0,,STOCKHOLM,,,,,,,,,,BristaB2,2025.0,ResidualCapacity,,
TotCapacityAnn,108.0,,STOCKHOLM,,,,,,,,,,BristaB2,2026.0,ResidualCapacity,,
TotCapacityAnn,118.0,,STOCKHOLM,,,,,,,,,,BristaB2,2027.0,ResidualCapacity,,
TotCapacityAnn,118.0,,STOCKHOLM,,,,,,,,,,BristaB2,2028.0,ResidualCapacity,,
TotCapacityAnn,111.0,,STOCKHOLM,,,,,,,,,,BristaB2,2029.0,ResidualCapacity,,
TotCapacityAnn,104.0,,STOCKHOLM,,,,,,,,,,BristaB2,2030.0,ResidualCapacity,,
TotCapacityAnn,98.0,,STOCKHOLM,,,,,,,,,,BristaB2,2031.0,ResidualCapacity,,
TotCapacityAnn,91.0,,STOCKHOLM,,,,,,,,,,BristaB2,2032.0,ResidualCapacity,,
TotCapacityAnn,84.0,,STOCKHOLM,,,,,,,,,,BristaB2,2033.0,ResidualCapacity,,
TotCapacityAnn,77.0,,STOCKHOLM,,,,,,,,,,BristaB2,2034.0,ResidualCapacity,,
TotCapacityAnn,70.0,,STOCKHOLM,,,,,,,,,,BristaB2,2035.0,ResidualCapacity,,
TotCapacityAnn,64.0,,STOCKHOLM,,,,,,,,,,BristaB2,2036.0,ResidualCapacity,,
TotCapacityAnn,57.0,,STOCKHOLM,,,,,,,,,,BristaB2,2037.0,ResidualCapacity,,
TotCapacityAnn,50.0,,STOCKHOLM,,,,,,,,,,BristaB2,2038.0,ResidualCapacity,,
TotCapacityAnn,50.0,,STOCKHOLM,,,,,,,,,,BristaB2,2039.0,ResidualCapacity,,
TotCapacityAnn,50.0,,STOCKHOLM,,,,,,,,,,BristaB2,2040.0,ResidualCapacity,,
TotCapacityAnn,50.0,,STOCKHOLM,,,,,,,,,,BristaB2,2041.0,ResidualCapacity,,
TotCapacityAnn,50.0,,STOCKHOLM,,,,,,,,,,BristaB2,2042.0,ResidualCapacity,,
TotCapacityAnn,50.0,,STOCKHOLM,,,,,,,,,,BristaB2,2043.0,ResidualCapacity,,
TotCapacityAnn,50.0,,STOCKHOLM,,,,,,,,,,BristaB2,2044.0,ResidualCapacity,,
TotCapacityAnn,50.0,,STOCKHOLM,,,,,,,,,,BristaB2,2045.0,ResidualCapacity,,
TotCapacityAnn,50.0,,STOCKHOLM,,,,,,,,,,BristaB2,2046.0,ResidualCapacity,,
TotCapacityAnn,50.0,,STOCKHOLM,,,,,,,,,,BristaB2,2047.0,ResidualCapacity,,
TotCapacityAnn,40.0,,STOCKHOLM,,,,,,,,,,BristaB2,2048.0,ResidualCapacity,,
TotCapacityAnn,30.0,,STOCKHOLM,,,,,,,,,,BristaB2,2049.0,ResidualCapacity,,
TotCapacityAnn,276.0,,STOCKHOLM,,,,,,,,,,HgldP3468,2023.0,ResidualCapacity,,
TotCapacityAnn,286.0,,STOCKHOLM,,,,,,,,,,HgldP3468,2024.0,ResidualCapacity,,
TotCapacityAnn,296.0,,STOCKHOLM,,,,,,,,,,HgldP3468,2025.0,ResidualCapacity,,
TotCapacityAnn,306.0,,STOCKHOLM,,,,,,,,,,HgldP3468,2026.0,ResidualCapacity,,
TotCapacityAnn,316.0,,STOCKHOLM,,,,,,,,,,HgldP3468,2027.0,ResidualCapacity,,
TotCapacityAnn,316.0,,STOCKHOLM,,,,,,,,,,HgldP3468,2028.0,ResidualCapacity,,
TotCapacityAnn,316.0,,STOCKHOLM,,,,,,,,,,HgldP3468,2029.0,ResidualCapacity,,
TotCapacityAnn,316.0,,STOCKHOLM,,,,,,,,,,HgldP3468,2030.0,ResidualCapacity,,
TotCapacityAnn,316.0,,STOCKHOLM,,,,,,,,,,HgldP3468,2031.0,ResidualCapacity,,
TotCapacityAnn,316.0,,STOCKHOLM,,,,,,,,,,HgldP3468,2032.0,ResidualCapacity,,
TotCapacityAnn,316.0,,STOCKHOLM,,,,,,,,,,HgldP3468,2033.0,ResidualCapacity,,
TotCapacityAnn,316.0,,STOCKHOLM,,,,,,,,,,HgldP3468,2034.0,ResidualCapacity,,
TotCapacityAnn,316.0,,STOCKHOLM,,,,,,,,,,HgldP3468,2035.0,ResidualCapacity,,
TotCapacityAnn,316.0,,STOCKHOLM,,,,,,,,,,HgldP3468,2036.0,ResidualCapacity,,
TotCapacityAnn,289.0,,STOCKHOLM,,,,,,,,,,HgldP3468,2037.0,ResidualCapacity,,
TotCapacityAnn,263.0,,STOCKHOLM,,,,,,,,,,HgldP3468,2038.0,ResidualCapacity,,
TotCapacityAnn,236.0,,STOCKHOLM,,,,,,,,,,HgldP3468,2039.0,ResidualCapacity,,
TotCapacityAnn,210.0,,STOCKHOLM,,,,,,,,,,HgldP3468,2040.0,ResidualCapacity,,
TotCapacityAnn,183.0,,STOCKHOLM,,,,,,,,,,HgldP3468,2041.0,ResidualCapacity,,
TotCapacityAnn,156.0,,STOCKHOLM,,,,,,,,,,HgldP3468,2042.0,ResidualCapacity,,
TotCapacityAnn,130.0,,STOCKHOLM,,,,,,,,,,HgldP3468,2043.0,ResidualCapacity,,
TotCapacityAnn,103.0,,STOCKHOLM,,,,,,,,,,HgldP3468,2044.0,ResidualCapacity,,
TotCapacityAnn,77.0,,STOCKHOLM,,,,,,,,,,HgldP3468,2045.0,ResidualCapacity,,
TotCapacityAnn,50.0,,STOCKHOLM,,,,,,,,,,HgldP3468,2046.0,ResidualCapacity,,
TotCapacityAnn,50.0,,STOCKHOLM,,,,,,,,,,HgldP3468,2047.0,ResidualCapacity,,
TotCapacityAnn,40.0,,STOCKHOLM,,,,,,,,,,HgldP3468,2048.0,ResidualCapacity,,
TotCapacityAnn,30.0,,STOCKHOLM,,,,,,,,,,HgldP3468,2049.0,ResidualCapacity,,
TotCapacityAnn,220.0,,STOCKHOLM,,,,,,,,,,HmrbySEWHP,2023.0,ResidualCapacity,,
TotCapacityAnn,220.0,,STOCKHOLM,,,,,,,,,,HmrbySEWHP,2024.0,ResidualCapacity,,
TotCapacityAnn,220.0,,STOCKHOLM,,,,,,,,,,HmrbySEWHP,2025.0,ResidualCapacity,,
TotCapacityAnn,220.0,,STOCKHOLM,,,,,,,,,,HmrbySEWHP,2026.0,ResidualCapacity,,
TotCapacityAnn,220.0,,STOCKHOLM,,,,,,,,,,HmrbySEWHP,2027.0,ResidualCapacity,,
TotCapacityAnn,220.0,,STOCKHOLM,,,,,,,,,,HmrbySEWHP,2028.0,ResidualCapacity,,
TotCapacityAnn,220.0,,STOCKHOLM,,,,,,,,,,HmrbySEWHP,2029.0,ResidualCapacity,,
TotCapacityAnn,189.0,,STOCKHOLM,,,,,,,,,,HmrbySEWHP,2030.0,ResidualCapacity,,
TotCapacityAnn,157.0,,STOCKHOLM,,,,,,,,,,HmrbySEWHP,2031.0,ResidualCapacity,,
TotCapacityAnn,126.0,,STOCKHOLM,,,,,,,,,,HmrbySEWHP,2032.0,ResidualCapacity,,
TotCapacityAnn,94.0,,STOCKHOLM,,,,,,,,,,HmrbySEWHP,2033.0,ResidualCapacity,,
TotCapacityAnn,63.0,,STOCKHOLM,,,,,,,,,,HmrbySEWHP,2034.0,ResidualCapacity,,
TotCapacityAnn,31.0,,STOCKHOLM,,,,,,,,,,HmrbySEWHP,2035.0,ResidualCapacity,,
TotCapacityAnn,0.0,,STOCKHOLM,,,,,,,,,,HmrbySEWHP,2036.0,ResidualCapacity,,
TotCapacityAnn,0.0,,STOCKHOLM,,,,,,,,,,HmrbySEWHP,2037.0,ResidualCapacity,,
TotCapacityAnn,0.0,,STOCKHOLM,,,,,,,,,,HmrbySEWHP,2038.0,ResidualCapacity,,
TotCapacityAnn,0.0,,STOCKHOLM,,,,,,,,,,HmrbySEWHP,2039.0,ResidualCapacity,,
TotCapacityAnn,0.0,,STOCKHOLM,,,,,,,,,,HmrbySEWHP,2040.0,ResidualCapacity,,
TotCapacityAnn,0.0,,STOCKHOLM,,,,,,,,,,HmrbySEWHP,2041.0,ResidualCapacity,,
TotCapacityAnn,0.0,,STOCKHOLM,,,,,,,,,,HmrbySEWHP,2042.0,ResidualCapacity,,
TotCapacityAnn,0.0,,STOCKHOLM,,,,,,,,,,HmrbySEWHP,2043.0,ResidualCapacity,,
TotCapacityAnn,0.0,,STOCKHOLM,,,,,,,,,,HmrbySEWHP,2044.0,ResidualCapacity,,
TotCapacityAnn,0.0,,STOCKHOLM,,,,,,,,,,HmrbySEWHP,2045.0,ResidualCapacity,,
TotCapacityAnn,0.0,,STOCKHOLM,,,,,,,,,,HmrbySEWHP,2046.0,ResidualCapacity,,
TotCapacityAnn,0.0,,STOCKHOLM,,,,,,,,,,HmrbySEWHP,2047.0,ResidualCapacity,,
TotCapacityAnn,0.0,,STOCKHOLM,,,,,,,,,,HmrbySEWHP,2048.0,ResidualCapacity,,
TotCapacityAnn,0.0,,STOCKHOLM,,,,,,,,,,HmrbySEWHP,2049.0,ResidualCapacity,,
TotCapacityAnn,320.0,,STOCKHOLM,,,,,,,,,,VVNHP,2023.0,ResidualCapacity,,
TotCapacityAnn,320.0,,STOCKHOLM,,,,,,,,,,VVNHP,2024.0,ResidualCapacity,,
TotCapacityAnn,320.0,,STOCKHOLM,,,,,,,,,,VVNHP,2025.0,ResidualCapacity,,
TotCapacityAnn,320.0,,STOCKHOLM,,,,,,,,,,VVNHP,2026.0,ResidualCapacity,,
TotCapacityAnn,320.0,,STOCKHOLM,,,,,,,,,,VVNHP,2027.0,ResidualCapacity,,
TotCapacityAnn,320.0,,STOCKHOLM,,,,,,,,,,VVNHP,2028.0,ResidualCapacity,,
TotCapacityAnn,282.0,,STOCKHOLM,,,,,,,,,,VVNHP,2029.0,ResidualCapacity,,
TotCapacityAnn,243.0,,STOCKHOLM,,,,,,,,,,VVNHP,2030.0,ResidualCapacity,,
TotCapacityAnn,205.0,,STOCKHOLM,,,,,,,,,,VVNHP,2031.0,ResidualCapacity,,
TotCapacityAnn,156.0,,STOCKHOLM,,,,,,,,,,VVNHP,2032.0,ResidualCapacity,,
TotCapacityAnn,107.0,,STOCKHOLM,,,,,,,,,,VVNHP,2033.0,ResidualCapacity,,
TotCapacityAnn,59.0,,STOCKHOLM,,,,,,,,,,VVNHP,2034.0,ResidualCapacity,,
TotCapacityAnn,63.65254418019246,,STOCKHOLM,,,,,,,,,,VVNHP,2035.0,ResidualCapacity,,
TotCapacityAnn,132.30551797427762,,STOCKHOLM,,,,,,,,,,VVNHP,2036.0,ResidualCapacity,,
TotCapacityAnn,165.30130086798778,,STOCKHOLM,,,,,,,,,,VVNHP,2037.0,ResidualCapacity,,
TotCapacityAnn,214.07197896299556,,STOCKHOLM,,,,,,,,,,VVNHP,2038.0,ResidualCapacity,,
TotCapacityAnn,265.50527013620456,,STOCKHOLM,,,,,,,,,,VVNHP,2039.0,ResidualCapacity,,
TotCapacityAnn,317.16356406497295,,STOCKHOLM,,,,,,,,,,VVNHP,2040.0,ResidualCapacity,,
TotCapacityAnn,386.2649343296495,,STOCKHOLM,,,,,,,,,,VVNHP,2041.0,ResidualCapacity,,
TotCapacityAnn,429.6709486126703,,STOCKHOLM,,,,,,,,,,VVNHP,2042.0,ResidualCapacity,,
TotCapacityAnn,483.61828869705136,,STOCKHOLM,,,,,,,,,,VVNHP,2043.0,ResidualCapacity,,
TotCapacityAnn,540.0000000000001,,STOCKHOLM,,,,,,,,,,VVNHP,2044.0,ResidualCapacity,,
TotCapacityAnn,540.0,,STOCKHOLM,,,,,,,,,,VVNHP,2045.0,ResidualCapacity,,
TotCapacityAnn,540.0,,STOCKHOLM,,,,,,,,,,VVNHP,2046.0,ResidualCapacity,,
TotCapacityAnn,540.0,,STOCKHOLM,,,,,,,,,,VVNHP,2047.0,ResidualCapacity,,
TotCapacityAnn,540.0,,STOCKHOLM,,,,,,,,,,VVNHP,2048.0,ResidualCapacity,,
TotCapacityAnn,540.0,,STOCKHOLM,,,,,,,,,,VVNHP,2049.0,ResidualCapacity,,
TotCapacityAnn,108.0,,STOCKHOLM,,,,,,,,,,BristaB1,2023.0,ResidualCapacity,,
TotCapacityAnn,108.0,,STOCKHOLM,,,,,,,,,,BristaB1,2024.0,ResidualCapacity,,
TotCapacityAnn,108.0,,STOCKHOLM,,,,,,,,,,BristaB1,2025.0,ResidualCapacity,,
TotCapacityAnn,108.0,,STOCKHOLM,,,,,,,,,,BristaB1,2026.0,ResidualCapacity,,
TotCapacityAnn,108.0,,STOCKHOLM,,,,,,,,,,BristaB1,2027.0,ResidualCapacity,,
TotCapacityAnn,97.0,,STOCKHOLM,,,,,,,,,,BristaB1,2028.0,ResidualCapacity,,
TotCapacityAnn,86.0,,STOCKHOLM,,,,,,,,,,BristaB1,2029.0,ResidualCapacity,,
TotCapacityAnn,76.0,,STOCKHOLM,,,,,,,,,,BristaB1,2030.0,ResidualCapacity,,
TotCapacityAnn,65.0,,STOCKHOLM,,,,,,,,,,BristaB1,2031.0,ResidualCapacity,,
TotCapacityAnn,54.0,,STOCKHOLM,,,,,,,,,,BristaB1,2032.0,ResidualCapacity,,
TotCapacityAnn,43.0,,STOCKHOLM,,,,,,,,,,BristaB1,2033.0,ResidualCapacity,,
TotCapacityAnn,32.0,,STOCKHOLM,,,,,,,,,,BristaB1,2034.0,ResidualCapacity,,
TotCapacityAnn,22.0,,STOCKHOLM,,,,,,,,,,BristaB1,2034.0,ResidualCapacity,,
TotCapacityAnn,11.0,,STOCKHOLM,,,,,,,,,,BristaB1,2035.0,ResidualCapacity,,
TotCapacityAnn,0.0,,STOCKHOLM,,,,,,,,,,BristaB1,2036.0,ResidualCapacity,,
TotCapacityAnn,0.0,,STOCKHOLM,,,,,,,,,,BristaB1,2037.0,ResidualCapacity,,
TotCapacityAnn,0.0,,STOCKHOLM,,,,,,,,,,BristaB1,2038.0,ResidualCapacity,,
TotCapacityAnn,0.0,,STOCKHOLM,,,,,,,,,,BristaB1,2039.0,ResidualCapacity,,
TotCapacityAnn,0.0,,STOCKHOLM,,,,,,,,,,BristaB1,2040.0,ResidualCapacity,,
TotCapacityAnn,0.0,,STOCKHOLM,,,,,,,,,,BristaB1,2041.0,ResidualCapacity,,
TotCapacityAnn,0.0,,STOCKHOLM,,,,,,,,,,BristaB1,2042.0,ResidualCapacity,,
TotCapacityAnn,0.0,,STOCKHOLM,,,,,,,,,,BristaB1,2043.0,ResidualCapacity,,
TotCapacityAnn,0.0,,STOCKHOLM,,,,,,,,,,BristaB1,2044.0,ResidualCapacity,,
TotCapacityAnn,168.56235941404526,,STOCKHOLM,,,,,,,,,,BristaB1,2045.0,ResidualCapacity,,
TotCapacityAnn,249.80716752459773,,STOCKHOLM,,,,,,,,,,BristaB1,2046.0,ResidualCapacity,,
TotCapacityAnn,306.51356666204333,,STOCKHOLM,,,,,,,,,,BristaB1,2047.0,ResidualCapacity,,
TotCapacityAnn,375.6081291739305,,STOCKHOLM,,,,,,,,,,BristaB1,2048.0,ResidualCapacity,,
TotCapacityAnn,400.0,,STOCKHOLM,,,,,,,,,,BristaB1,2049.0,ResidualCapacity,,
TotCapacityAnn,414.0,,STOCKHOLM,,,,,,,,,,KVV8,2023.0,ResidualCapacity,,
TotCapacityAnn,414.0,,STOCKHOLM,,,,,,,,,,KVV8,2024.0,ResidualCapacity,,
TotCapacityAnn,414.0,,STOCKHOLM,,,,,,,,,,KVV8,2025.0,ResidualCapacity,,
TotCapacityAnn,414.0,,STOCKHOLM,,,,,,,,,,KVV8,2026.0,ResidualCapacity,,
TotCapacityAnn,414.0,,STOCKHOLM,,,,,,,,,,KVV8,2027.0,ResidualCapacity,,
TotCapacityAnn,414.0,,STOCKHOLM,,,,,,,,,,KVV8,2028.0,ResidualCapacity,,
TotCapacityAnn,414.0,,STOCKHOLM,,,,,,,,,,KVV8,2029.0,ResidualCapacity,,
TotCapacityAnn,414.0,,STOCKHOLM,,,,,,,,,,KVV8,2030.0,ResidualCapacity,,
TotCapacityAnn,414.0,,STOCKHOLM,,,,,,,,,,KVV8,2031.0,ResidualCapacity,,
TotCapacityAnn,414.0,,STOCKHOLM,,,,,,,,,,KVV8,2032.0,ResidualCapacity,,
TotCapacityAnn,414.0,,STOCKHOLM,,,,,,,,,,KVV8,2033.0,ResidualCapacity,,
TotCapacityAnn,414.0,,STOCKHOLM,,,,,,,,,,KVV8,2034.0,ResidualCapacity,,
TotCapacityAnn,414.0,,STOCKHOLM,,,,,,,,,,KVV8,2035.0,ResidualCapacity,,
TotCapacityAnn,414.0,,STOCKHOLM,,,,,,,,,,KVV8,2036.0,ResidualCapacity,,
TotCapacityAnn,414.0,,STOCKHOLM,,,,,,,,,,KVV8,2037.0,ResidualCapacity,,
TotCapacityAnn,414.0,,STOCKHOLM,,,,,,,,,,KVV8,2038.0,ResidualCapacity,,
TotCapacityAnn,414.0,,STOCKHOLM,,,,,,,,,,KVV8,2039.0,ResidualCapacity,,
TotCapacityAnn,414.0,,STOCKHOLM,,,,,,,,,,KVV8,2040.0,ResidualCapacity,,
TotCapacityAnn,373.0,,STOCKHOLM,,,,,,,,,,KVV8,2041.0,ResidualCapacity,,
TotCapacityAnn,331.0,,STOCKHOLM,,,,,,,,,,KVV8,2042.0,ResidualCapacity,,
TotCapacityAnn,290.0,,STOCKHOLM,,,,,,,,,,KVV8,2043.0,ResidualCapacity,,
TotCapacityAnn,248.0,,STOCKHOLM,,,,,,,,,,KVV8,2044.0,ResidualCapacity,,
TotCapacityAnn,207.0,,STOCKHOLM,,,,,,,,,,KVV8,2045.0,ResidualCapacity,,
TotCapacityAnn,166.0,,STOCKHOLM,,,,,,,,,,KVV8,2046.0,ResidualCapacity,,
TotCapacityAnn,124.0,,STOCKHOLM,,,,,,,,,,KVV8,2047.0,ResidualCapacity,,
TotCapacityAnn,83.0,,STOCKHOLM,,,,,,,,,,KVV8,2048.0,ResidualCapacity,,
TotCapacityAnn,41.0,,STOCKHOLM,,,,,,,,,,KVV8,2049.0,ResidualCapacity,,
TotCapacityAnn,430.0,,STOCKHOLM,,,,,,,,,,VVHVELHOB,2023.0,ResidualCapacity,,
TotCapacityAnn,387.0,,STOCKHOLM,,,,,,,,,,VVHVELHOB,2024.0,ResidualCapacity,,
TotCapacityAnn,344.0,,STOCKHOLM,,,,,,,,,,VVHVELHOB,2025.0,ResidualCapacity,,
TotCapacityAnn,301.0,,STOCKHOLM,,,,,,,,,,VVHVELHOB,2026.0,ResidualCapacity,,
TotCapacityAnn,258.0,,STOCKHOLM,,,,,,,,,,VVHVELHOB,2027.0,ResidualCapacity,,
TotCapacityAnn,215.0,,STOCKHOLM,,,,,,,,,,VVHVELHOB,2028.0,ResidualCapacity,,
TotCapacityAnn,172.0,,STOCKHOLM,,,,,,,,,,VVHVELHOB,2029.0,ResidualCapacity,,
TotCapacityAnn,129.0,,STOCKHOLM,,,,,,,,,,VVHVELHOB,2030.0,ResidualCapacity,,
TotCapacityAnn,102.04206080756663,,STOCKHOLM,,,,,,,,,,VVHVELHOB,2031.0,ResidualCapacity,,
TotCapacityAnn,130.64079819305482,,STOCKHOLM,,,,,,,,,,VVHVELHOB,2032.0,ResidualCapacity,,
TotCapacityAnn,162.06704198800048,,STOCKHOLM,,,,,,,,,,VVHVELHOB,2033.0,ResidualCapacity,,
TotCapacityAnn,284.2162797703142,,STOCKHOLM,,,,,,,,,,VVHVELHOB,2034.0,ResidualCapacity,,
TotCapacityAnn,329.11114631519763,,STOCKHOLM,,,,,,,,,,VVHVELHOB,2035.0,ResidualCapacity,,
TotCapacityAnn,370.6949748744353,,STOCKHOLM,,,,,,,,,,VVHVELHOB,2036.0,ResidualCapacity,,
TotCapacityAnn,400.0,,STOCKHOLM,,,,,,,,,,VVHVELHOB,2037.0,ResidualCapacity,,
TotCapacityAnn,400.0,,STOCKHOLM,,,,,,,,,,VVHVELHOB,2038.0,ResidualCapacity,,
TotCapacityAnn,400.0,,STOCKHOLM,,,,,,,,,,VVHVELHOB,2039.0,ResidualCapacity,,
TotCapacityAnn,400.0,,STOCKHOLM,,,,,,,,,,VVHVELHOB,2040.0,ResidualCapacity,,
TotCapacityAnn,400.0,,STOCKHOLM,,,,,,,,,,VVHVELHOB,2041.0,ResidualCapacity,,
TotCapacityAnn,400.0,,STOCKHOLM,,,,,,,,,,VVHVELHOB,2042.0,ResidualCapacity,,
TotCapacityAnn,400.0,,STOCKHOLM,,,,,,,,,,VVHVELHOB,2043.0,ResidualCapacity,,
TotCapacityAnn,400.0,,STOCKHOLM,,,,,,,,,,VVHVELHOB,2044.0,ResidualCapacity,,
TotCapacityAnn,400.0,,STOCKHOLM,,,,,,,,,,VVHVELHOB,2045.0,ResidualCapacity,,
TotCapacityAnn,400.0,,STOCKHOLM,,,,,,,,,,VVHVELHOB,2046.0,ResidualCapacity,,
TotCapacityAnn,400.0,,STOCKHOLM,,,,,,,,,,VVHVELHOB,2047.0,ResidualCapacity,,
TotCapacityAnn,400.0,,STOCKHOLM,,,,,,,,,,VVHVELHOB,2048.0,ResidualCapacity,,
TotCapacityAnn,400.0,,STOCKHOLM,,,,,,,,,,VVHVELHOB,2049.0,ResidualCapacity,,
TotCapacityAnn,185.0,,STOCKHOLM,,,,,,,,,,HslbyP1toP3,2023.0,ResidualCapacity,,
TotCapacityAnn,185.0,,STOCKHOLM,,,,,,,,,,HslbyP1toP3,2024.0,ResidualCapacity,,
TotCapacityAnn,185.0,,STOCKHOLM,,,,,,,,,,HslbyP1toP3,2025.0,ResidualCapacity,,
TotCapacityAnn,185.0,,STOCKHOLM,,,,,,,,,,HslbyP1toP3,2026.0,ResidualCapacity,,
TotCapacityAnn,185.0,,STOCKHOLM,,,,,,,,,,HslbyP1toP3,2027.0,ResidualCapacity,,
TotCapacityAnn,185.0,,STOCKHOLM,,,,,,,,,,HslbyP1toP3,2028.0,ResidualCapacity,,
TotCapacityAnn,185.0,,STOCKHOLM,,,,,,,,,,HslbyP1toP3,2029.0,ResidualCapacity,,
TotCapacityAnn,185.0,,STOCKHOLM,,,,,,,,,,HslbyP1toP3,2030.0,ResidualCapacity,,
TotCapacityAnn,167.0,,STOCKHOLM,,,,,,,,,,HslbyP1toP3,2031.0,ResidualCapacity,,
TotCapacityAnn,148.0,,STOCKHOLM,,,,,,,,,,HslbyP1toP3,2032.0,ResidualCapacity,,
TotCapacityAnn,130.0,,STOCKHOLM,,,,,,,,,,HslbyP1toP3,2033.0,ResidualCapacity,,
TotCapacityAnn,111.0,,STOCKHOLM,,,,,,,,,,HslbyP1toP3,2034.0,ResidualCapacity,,
TotCapacityAnn,93.0,,STOCKHOLM,,,,,,,,,,HslbyP1toP3,2035.0,ResidualCapacity,,
TotCapacityAnn,74.0,,STOCKHOLM,,,,,,,,,,HslbyP1toP3,2036.0,ResidualCapacity,,
TotCapacityAnn,56.0,,STOCKHOLM,,,,,,,,,,HslbyP1toP3,2037.0,ResidualCapacity,,
TotCapacityAnn,37.0,,STOCKHOLM,,,,,,,,,,HslbyP1toP3,2038.0,ResidualCapacity,,
TotCapacityAnn,19.0,,STOCKHOLM,,,,,,,,,,HslbyP1toP3,2039.0,ResidualCapacity,,
TotCapacityAnn,0.0,,STOCKHOLM,,,,,,,,,,HslbyP1toP3,2040.0,ResidualCapacity,,
TotCapacityAnn,0.0,,STOCKHOLM,,,,,,,,,,HslbyP1toP3,2041.0,ResidualCapacity,,
TotCapacityAnn,0.0,,STOCKHOLM,,,,,,,,,,HslbyP1toP3,2042.0,ResidualCapacity,,
TotCapacityAnn,0.0,,STOCKHOLM,,,,,,,,,,HslbyP1toP3,2043.0,ResidualCapacity,,
TotCapacityAnn,0.0,,STOCKHOLM,,,,,,,,,,HslbyP1toP3,2044.0,ResidualCapacity,,
TotCapacityAnn,0.0,,STOCKHOLM,,,,,,,,,,HslbyP1toP3,2045.0,ResidualCapacity,,
TotCapacityAnn,0.0,,STOCKHOLM,,,,,,,,,,HslbyP1toP3,2046.0,ResidualCapacity,,
TotCapacityAnn,0.0,,STOCKHOLM,,,,,,,,,,HslbyP1toP3,2047.0,ResidualCapacity,,
TotCapacityAnn,0.0,,STOCKHOLM,,,,,,,,,,HslbyP1toP3,2048.0,ResidualCapacity,,
TotCapacityAnn,0.0,,STOCKHOLM,,,,,,,,,,HslbyP1toP3,2049.0,ResidualCapacity,,
TotCapacityAnn,834.0,,STOCKHOLM,,,,,,,,,,DECFOHOB,2023.0,ResidualCapacity,,
TotCapacityAnn,834.0,,STOCKHOLM,,,,,,,,,,DECFOHOB,2024.0,ResidualCapacity,,
TotCapacityAnn,834.0,,STOCKHOLM,,,,,,,,,,DECFOHOB,2025.0,ResidualCapacity,,
TotCapacityAnn,834.0,,STOCKHOLM,,,,,,,,,,DECFOHOB,2026.0,ResidualCapacity,,
TotCapacityAnn,834.0,,STOCKHOLM,,,,,,,,,,DECFOHOB,2027.0,ResidualCapacity,,
TotCapacityAnn,834.0,,STOCKHOLM,,,,,,,,,,DECFOHOB,2028.0,ResidualCapacity,,
TotCapacityAnn,751.0,,STOCKHOLM,,,,,,,,,,DECFOHOB,2029.0,ResidualCapacity,,
TotCapacityAnn,667.0,,STOCKHOLM,,,,,,,,,,DECFOHOB,2030.0,ResidualCapacity,,
TotCapacityAnn,584.0,,STOCKHOLM,,,,,,,,,,DECFOHOB,2031.0,ResidualCapacity,,
TotCapacityAnn,500.0,,STOCKHOLM,,,,,,,,,,DECFOHOB,2032.0,ResidualCapacity,,
TotCapacityAnn,417.0,,STOCKHOLM,,,,,,,,,,DECFOHOB,2033.0,ResidualCapacity,,
TotCapacityAnn,334.0,,STOCKHOLM,,,,,,,,,,DECFOHOB,2034.0,ResidualCapacity,,
TotCapacityAnn,250.0,,STOCKHOLM,,,,,,,,,,DECFOHOB,2035.0,ResidualCapacity,,
TotCapacityAnn,167.0,,STOCKHOLM,,,,,,,,,,DECFOHOB,2036.0,ResidualCapacity,,
TotCapacityAnn,83.0,,STOCKHOLM,,,,,,,,,,DECFOHOB,2037.0,ResidualCapacity,,
TotCapacityAnn,0.0,,STOCKHOLM,,,,,,,,,,DECFOHOB,2038.0,ResidualCapacity,,
TotCapacityAnn,0.0,,STOCKHOLM,,,,,,,,,,DECFOHOB,2039.0,ResidualCapacity,,
TotCapacityAnn,0.0,,STOCKHOLM,,,,,,,,,,DECFOHOB,2040.0,ResidualCapacity,,
TotCapacityAnn,0.0,,STOCKHOLM,,,,,,,,,,DECFOHOB,2041.0,ResidualCapacity,,
TotCapacityAnn,0.0,,STOCKHOLM,,,,,,,,,,DECFOHOB,2042.0,ResidualCapacity,,
TotCapacityAnn,0.0,,STOCKHOLM,,,,,,,,,,DECFOHOB,2043.0,ResidualCapacity,,
TotCapacityAnn,0.0,,STOCKHOLM,,,,,,,,,,DECFOHOB,2044.0,ResidualCapacity,,
TotCapacityAnn,0.0,,STOCKHOLM,,,,,,,,,,DECFOHOB,2045.0,ResidualCapacity,,
TotCapacityAnn,0.0,,STOCKHOLM,,,,,,,,,,DECFOHOB,2046.0,ResidualCapacity,,
TotCapacityAnn,0.0,,STOCKHOLM,,,,,,,,,,DECFOHOB,2047.0,ResidualCapacity,,
TotCapacityAnn,0.0,,STOCKHOLM,,,,,,,,,,DECFOHOB,2048.0,ResidualCapacity,,
TotCapacityAnn,0.0,,STOCKHOLM,,,,,,,,,,DECFOHOB,2049.0,ResidualCapacity,,
TotCapacityAnn,275.0,,STOCKHOLM,,,,,,,,,,KVV1,2023.0,ResidualCapacity,,
TotCapacityAnn,248.0,,STOCKHOLM,,,,,,,,,,KVV1,2024.0,ResidualCapacity,,
TotCapacityAnn,220.0,,STOCKHOLM,,,,,,,,,,KVV1,2025.0,ResidualCapacity,,
TotCapacityAnn,193.0,,STOCKHOLM,,,,,,,,,,KVV1,2026.0,ResidualCapacity,,
TotCapacityAnn,165.0,,STOCKHOLM,,,,,,,,,,KVV1,2027.0,ResidualCapacity,,
TotCapacityAnn,138.0,,STOCKHOLM,,,,,,,,,,KVV1,2028.0,ResidualCapacity,,
TotCapacityAnn,110.0,,STOCKHOLM,,,,,,,,,,KVV1,2029.0,ResidualCapacity,,
TotCapacityAnn,83.0,,STOCKHOLM,,,,,,,,,,KVV1,2030.0,ResidualCapacity,,
TotCapacityAnn,55.0,,STOCKHOLM,,,,,,,,,,KVV1,2031.0,ResidualCapacity,,
TotCapacityAnn,28.0,,STOCKHOLM,,,,,,,,,,KVV1,2032.0,ResidualCapacity,,
TotCapacityAnn,0.0,,STOCKHOLM,,,,,,,,,,KVV1,2033.0,ResidualCapacity,,
TotCapacityAnn,0.0,,STOCKHOLM,,,,,,,,,,KVV1,2034.0,ResidualCapacity,,
TotCapacityAnn,0.0,,STOCKHOLM,,,,,,,,,,KVV1,2035.0,ResidualCapacity,,
TotCapacityAnn,0.0,,STOCKHOLM,,,,,,,,,,KVV1,2036.0,ResidualCapacity,,
TotCapacityAnn,0.0,,STOCKHOLM,,,,,,,,,,KVV1,2037.0,ResidualCapacity,,
TotCapacityAnn,0.0,,STOCKHOLM,,,,,,,,,,KVV1,2038.0,ResidualCapacity,,
TotCapacityAnn,0.0,,STOCKHOLM,,,,,,,,,,KVV1,2039.0,ResidualCapacity,,
TotCapacityAnn,0.0,,STOCKHOLM,,,,,,,,,,KVV1,2040.0,ResidualCapacity,,
TotCapacityAnn,0.0,,STOCKHOLM,,,,,,,,,,KVV1,2041.0,ResidualCapacity,,
TotCapacityAnn,0.0,,STOCKHOLM,,,,,,,,,,KVV1,2042.0,ResidualCapacity,,
TotCapacityAnn,0.0,,STOCKHOLM,,,,,,,,,,KVV1,2043.0,ResidualCapacity,,
TotCapacityAnn,0.0,,STOCKHOLM,,,,,,,,,,KVV1,2044.0,ResidualCapacity,,
TotCapacityAnn,0.0,,STOCKHOLM,,,,,,,,,,KVV1,2045.0,ResidualCapacity,,
TotCapacityAnn,0.0,,STOCKHOLM,,,,,,,,,,KVV1,2046.0,ResidualCapacity,,
TotCapacityAnn,0.0,,STOCKHOLM,,,,,,,,,,KVV1,2047.0,ResidualCapacity,,
TotCapacityAnn,0.0,,STOCKHOLM,,,,,,,,,,KVV1,2048.0,ResidualCapacity,,
TotCapacityAnn,0.0,,STOCKHOLM,,,,,,,,,,KVV1,2049.0,ResidualCapacity,,
TotCapacityAnn,880.0,,STOCKHOLM,,,,,,,,,,CSBOHOB,2023.0,ResidualCapacity,,
TotCapacityAnn,880.0,,STOCKHOLM,,,,,,,,,,CSBOHOB,2024.0,ResidualCapacity,,
TotCapacityAnn,880.0,,STOCKHOLM,,,,,,,,,,CSBOHOB,2025.0,ResidualCapacity,,
TotCapacityAnn,880.0,,STOCKHOLM,,,,,,,,,,CSBOHOB,2026.0,ResidualCapacity,,
TotCapacityAnn,880.0,,STOCKHOLM,,,,,,,,,,CSBOHOB,2027.0,ResidualCapacity,,
TotCapacityAnn,880.0,,STOCKHOLM,,,,,,,,,,CSBOHOB,2028.0,ResidualCapacity,,
TotCapacityAnn,880.0,,STOCKHOLM,,,,,,,,,,CSBOHOB,2029.0,ResidualCapacity,,
TotCapacityAnn,873.0,,STOCKHOLM,,,,,,,,,,CSBOHOB,2030.0,ResidualCapacity,,
TotCapacityAnn,805.0,,STOCKHOLM,,,,,,,,,,CSBOHOB,2031.0,ResidualCapacity,,
TotCapacityAnn,737.0,,STOCKHOLM,,,,,,,,,,CSBOHOB,2032.0,ResidualCapacity,,
TotCapacityAnn,669.0,,STOCKHOLM,,,,,,,,,,CSBOHOB,2033.0,ResidualCapacity,,
TotCapacityAnn,601.0,,STOCKHOLM,,,,,,,,,,CSBOHOB,2034.0,ResidualCapacity,,
TotCapacityAnn,533.0,,STOCKHOLM,,,,,,,,,,CSBOHOB,2035.0,ResidualCapacity,,
TotCapacityAnn,465.0,,STOCKHOLM,,,,,,,,,,CSBOHOB,2036.0,ResidualCapacity,,
TotCapacityAnn,397.0,,STOCKHOLM,,,,,,,,,,CSBOHOB,2037.0,ResidualCapacity,,
TotCapacityAnn,309.0,,STOCKHOLM,,,,,,,,,,CSBOHOB,2038.0,ResidualCapacity,,
TotCapacityAnn,221.0,,STOCKHOLM,,,,,,,,,,CSBOHOB,2039.0,ResidualCapacity,,
TotCapacityAnn,140.0,,STOCKHOLM,,,,,,,,,,CSBOHOB,2040.0,ResidualCapacity,,
TotCapacityAnn,120.0,,STOCKHOLM,,,,,,,,,,CSBOHOB,2041.0,ResidualCapacity,,
TotCapacityAnn,100.0,,STOCKHOLM,,,,,,,,,,CSBOHOB,2042.0,ResidualCapacity,,
TotCapacityAnn,80.0,,STOCKHOLM,,,,,,,,,,CSBOHOB,2043.0,ResidualCapacity,,
TotCapacityAnn,60.0,,STOCKHOLM,,,,,,,,,,CSBOHOB,2044.0,ResidualCapacity,,
TotCapacityAnn,40.0,,STOCKHOLM,,,,,,,,,,CSBOHOB,2045.0,ResidualCapacity,,
TotCapacityAnn,20.0,,STOCKHOLM,,,,,,,,,,CSBOHOB,2046.0,ResidualCapacity,,
TotCapacityAnn,0.0,,STOCKHOLM,,,,,,,,,,CSBOHOB,2047.0,ResidualCapacity,,
TotCapacityAnn,0.0,,STOCKHOLM,,,,,,,,,,CSBOHOB,2048.0,ResidualCapacity,,
TotCapacityAnn,0.0,,STOCKHOLM,,,,,,,,,,CSBOHOB,2049.0,ResidualCapacity,,
TotCapacityAnn,15440.02560000752,,STOCKHOLM,,,,,,,,,,MINWASTE,2023.0,,,
TotCapacityAnn,16338.801600007793,,STOCKHOLM,,,,,,,,,,MINWASTE,2024.0,,,
TotCapacityAnn,17237.577600008066,,STOCKHOLM,,,,,,,,,,MINWASTE,2025.0,,,
TotCapacityAnn,17237.577600008066,,STOCKHOLM,,,,,,,,,,MINWASTE,2026.0,,,
TotCapacityAnn,17237.577600008066,,STOCKHOLM,,,,,,,,,,MINWASTE,2027.0,,,
TotCapacityAnn,17237.577600008066,,STOCKHOLM,,,,,,,,,,MINWASTE,2028.0,,,
TotCapacityAnn,17237.577600008066,,STOCKHOLM,,,,,,,,,,MINWASTE,2029.0,,,
TotCapacityAnn,17237.577600008066,,STOCKHOLM,,,,,,,,,,MINWASTE,2030.0,,,
TotCapacityAnn,17237.577600008066,,STOCKHOLM,,,,,,,,,,MINWASTE,2031.0,,,
TotCapacityAnn,17237.577600008066,,STOCKHOLM,,,,,,,,,,MINWASTE,2032.0,,,
TotCapacityAnn,17237.577600008066,,STOCKHOLM,,,,,,,,,,MINWASTE,2033.0,,,
TotCapacityAnn,17237.577600008066,,STOCKHOLM,,,,,,,,,,MINWASTE,2034.0,,,
TotCapacityAnn,17237.577600008066,,STOCKHOLM,,,,,,,,,,MINWASTE,2035.0,,,
TotCapacityAnn,17237.577600008066,,STOCKHOLM,,,,,,,,,,MINWASTE,2036.0,,,
TotCapacityAnn,17237.577600008066,,STOCKHOLM,,,,,,,,,,MINWASTE,2037.0,,,
TotCapacityAnn,17237.577600008066,,STOCKHOLM,,,,,,,,,,MINWASTE,2038.0,,,
TotCapacityAnn,17237.577600008066,,STOCKHOLM,,,,,,,,,,MINWASTE,2039.0,,,
TotCapacityAnn,17237.577600008066,,STOCKHOLM,,,,,,,,,,MINWASTE,2040.0,,,
TotCapacityAnn,17237.577600008066,,STOCKHOLM,,,,,,,,,,MINWASTE,2041.0,,,
TotCapacityAnn,17237.577600008066,,STOCKHOLM,,,,,,,,,,MINWASTE,2042.0,,,
TotCapacityAnn,17237.577600008066,,STOCKHOLM,,,,,,,,,,MINWASTE,2043.0,,,
TotCapacityAnn,17237.577600008066,,STOCKHOLM,,,,,,,,,,MINWASTE,2044.0,,,
TotCapacityAnn,17237.577600008066,,STOCKHOLM,,,,,,,,,,MINWASTE,2045.0,,,
TotCapacityAnn,17237.577600008066,,STOCKHOLM,,,,,,,,,,MINWASTE,2046.0,,,
TotCapacityAnn,17237.577600008066,,STOCKHOLM,,,,,,,,,,MINWASTE,2047.0,,,
TotCapacityAnn,17237.577600008066,,STOCKHOLM,,,,,,,,,,MINWASTE,2048.0,,,
TotCapacityAnn,17237.577600008066,,STOCKHOLM,,,,,,,,,,MINWASTE,2049.0,,,
TotCapacityAnn,268.17556425949135,,STOCKHOLM,,,,,,,,,,ELGRID,2023.0,,,
TotCapacityAnn,268.17556425949135,,STOCKHOLM,,,,,,,,,,ELGRID,2024.0,,,
TotCapacityAnn,268.17556425949135,,STOCKHOLM,,,,,,,,,,ELGRID,2025.0,,,
TotCapacityAnn,268.17556425949135,,STOCKHOLM,,,,,,,,,,ELGRID,2026.0,,,
TotCapacityAnn,268.17556425949135,,STOCKHOLM,,,,,,,,,,ELGRID,2027.0,,,
TotCapacityAnn,268.17556425949135,,STOCKHOLM,,,,,,,,,,ELGRID,2028.0,,,
TotCapacityAnn,268.17556425949135,,STOCKHOLM,,,,,,,,,,ELGRID,2029.0,,,
TotCapacityAnn,268.17556425949135,,STOCKHOLM,,,,,,,,,,ELGRID,2030.0,,,
TotCapacityAnn,268.17556425949135,,STOCKHOLM,,,,,,,,,,ELGRID,2031.0,,,
TotCapacityAnn,268.17556425949135,,STOCKHOLM,,,,,,,,,,ELGRID,2032.0,,,
TotCapacityAnn,268.17556425949135,,STOCKHOLM,,,,,,,,,,ELGRID,2033.0,,,
TotCapacityAnn,268.17556425949135,,STOCKHOLM,,,,,,,,,,ELGRID,2034.0,,,
TotCapacityAnn,309.94962835203836,,STOCKHOLM,,,,,,,,,,ELGRID,2035.0,,,
TotCapacityAnn,333.9418089041682,,STOCKHOLM,,,,,,,,,,ELGRID,2036.0,,,
TotCapacityAnn,349.59536258413937,,STOCKHOLM,,,,,,,,,,ELGRID,2037.0,,,
TotCapacityAnn,360.8539593239021,,STOCKHOLM,,,,,,,,,,ELGRID,2038.0,,,
TotCapacityAnn,372.83345358590714,,STOCKHOLM,,,,,,,,,,ELGRID,2039.0,,,
TotCapacityAnn,387.0611944874452,,STOCKHOLM,,,,,,,,,,ELGRID,2040.0,,,
TotCapacityAnn,402.1338725914148,,STOCKHOLM,,,,,,,,,,ELGRID,2041.0,,,
TotCapacityAnn,414.9967521317035,,STOCKHOLM,,,,,,,,,,ELGRID,2042.0,,,
TotCapacityAnn,414.9967521317035,,STOCKHOLM,,,,,,,,,,ELGRID,2043.0,,,
TotCapacityAnn,417.8145283129634,,STOCKHOLM,,,,,,,,,,ELGRID,2044.0,,,
TotCapacityAnn,420.9280067176502,,STOCKHOLM,,,,,,,,,,ELGRID,2045.0,,,
TotCapacityAnn,420.9280067176502,,STOCKHOLM,,,,,,,,,,ELGRID,2046.0,,,
TotCapacityAnn,420.9280067176502,,STOCKHOLM,,,,,,,,,,ELGRID,2047.0,,,
TotCapacityAnn,420.9280067176502,,STOCKHOLM,,,,,,,,,,ELGRID,2048.0,,,
TotCapacityAnn,420.9280067176502,,STOCKHOLM,,,,,,,,,,ELGRID,2049.0,,,
TotCapacityAnn,21224.35872002194,,STOCKHOLM,,,,,,,,,,MINWOODCHIPS,2023.0,,,
TotCapacityAnn,21224.35872002194,,STOCKHOLM,,,,,,,,,,MINWOODCHIPS,2024.0,,,
TotCapacityAnn,21224.35872002194,,STOCKHOLM,,,,,,,,,,MINWOODCHIPS,2025.0,,,
TotCapacityAnn,21224.35872002194,,STOCKHOLM,,,,,,,,,,MINWOODCHIPS,2026.0,,,
TotCapacityAnn,21224.35872002194,,STOCKHOLM,,,,,,,,,,MINWOODCHIPS,2027.0,,,
TotCapacityAnn,21224.35872002194,,STOCKHOLM,,,,,,,,,,MINWOODCHIPS,2028.0,,,
TotCapacityAnn,21224.35872002194,,STOCKHOLM,,,,,,,,,,MINWOODCHIPS,2029.0,,,
TotCapacityAnn,21224.35872002194,,STOCKHOLM,,,,,,,,,,MINWOODCHIPS,2030.0,,,
TotCapacityAnn,21224.35872002194,,STOCKHOLM,,,,,,,,,,MINWOODCHIPS,2031.0,,,
TotCapacityAnn,21224.35872002194,,STOCKHOLM,,,,,,,,,,MINWOODCHIPS,2032.0,,,
TotCapacityAnn,21224.35872002194,,STOCKHOLM,,,,,,,,,,MINWOODCHIPS,2033.0,,,
TotCapacityAnn,21224.35872002194,,STOCKHOLM,,,,,,,,,,MINWOODCHIPS,2034.0,,,
TotCapacityAnn,21224.35872002194,,STOCKHOLM,,,,,,,,,,MINWOODCHIPS,2035.0,,,
TotCapacityAnn,21224.35872002194,,STOCKHOLM,,,,,,,,,,MINWOODCHIPS,2036.0,,,
TotCapacityAnn,21224.35872002194,,STOCKHOLM,,,,,,,,,,MINWOODCHIPS,2037.0,,,
TotCapacityAnn,21224.35872002194,,STOCKHOLM,,,,,,,,,,MINWOODCHIPS,2038.0,,,
TotCapacityAnn,21224.35872002194,,STOCKHOLM,,,,,,,,,,MINWOODCHIPS,2039.0,,,
TotCapacityAnn,21224.35872002194,,STOCKHOLM,,,,,,,,,,MINWOODCHIPS,2040.0,,,
TotCapacityAnn,21224.35872002194,,STOCKHOLM,,,,,,,,,,MINWOODCHIPS,2041.0,,,
TotCapacityAnn,21224.35872002194,,STOCKHOLM,,,,,,,,,,MINWOODCHIPS,2042.0,,,
TotCapacityAnn,21224.35872002194,,STOCKHOLM,,,,,,,,,,MINWOODCHIPS,2043.0,,,
TotCapacityAnn,21224.35872002194,,STOCKHOLM,,,,,,,,,,MINWOODCHIPS,2044.0,,,
TotCapacityAnn,21224.35872002194,,STOCKHOLM,,,,,,,,,,MINWOODCHIPS,2045.0,,,
TotCapacityAnn,21224.35872002194,,STOCKHOLM,,,,,,,,,,MINWOODCHIPS,2046.0,,,
TotCapacityAnn,21224.35872002194,,STOCKHOLM,,,,,,,,,,MINWOODCHIPS,2047.0,,,
TotCapacityAnn,21224.35872002194,,STOCKHOLM,,,,,,,,,,MINWOODCHIPS,2048.0,,,
TotCapacityAnn,21224.35872002194,,STOCKHOLM,,,,,,,,,,MINWOODCHIPS,2049.0,,,
TotCapacityAnn,7111.89692844095,,STOCKHOLM,,,,,,,,,,MINSOLIDBIOP,2023.0,,,
TotCapacityAnn,7111.89692844095,,STOCKHOLM,,,,,,,,,,MINSOLIDBIOP,2024.0,,,
TotCapacityAnn,7111.89692844095,,STOCKHOLM,,,,,,,,,,MINSOLIDBIOP,2025.0,,,
TotCapacityAnn,7111.89692844095,,STOCKHOLM,,,,,,,,,,MINSOLIDBIOP,2026.0,,,
TotCapacityAnn,7111.89692844095,,STOCKHOLM,,,,,,,,,,MINSOLIDBIOP,2027.0,,,
TotCapacityAnn,7111.89692844095,,STOCKHOLM,,,,,,,,,,MINSOLIDBIOP,2028.0,,,
TotCapacityAnn,7111.89692844095,,STOCKHOLM,,,,,,,,,,MINSOLIDBIOP,2029.0,,,
TotCapacityAnn,7111.89692844095,,STOCKHOLM,,,,,,,,,,MINSOLIDBIOP,2030.0,,,
TotCapacityAnn,7111.89692844095,,STOCKHOLM,,,,,,,,,,MINSOLIDBIOP,2031.0,,,
TotCapacityAnn,7111.89692844095,,STOCKHOLM,,,,,,,,,,MINSOLIDBIOP,2032.0,,,
TotCapacityAnn,7111.89692844095,,STOCKHOLM,,,,,,,,,,MINSOLIDBIOP,2033.0,,,
TotCapacityAnn,7111.89692844095,,STOCKHOLM,,,,,,,,,,MINSOLIDBIOP,2034.0,,,
TotCapacityAnn,7111.89692844095,,STOCKHOLM,,,,,,,,,,MINSOLIDBIOP,2035.0,,,
TotCapacityAnn,7111.89692844095,,STOCKHOLM,,,,,,,,,,MINSOLIDBIOP,2036.0,,,
TotCapacityAnn,7111.89692844095,,STOCKHOLM,,,,,,,,,,MINSOLIDBIOP,2037.0,,,
TotCapacityAnn,7111.89692844095,,STOCKHOLM,,,,,,,,,,MINSOLIDBIOP,2038.0,,,
TotCapacityAnn,7111.89692844095,,STOCKHOLM,,,,,,,,,,MINSOLIDBIOP,2039.0,,,
TotCapacityAnn,7111.89692844095,,STOCKHOLM,,,,,,,,,,MINSOLIDBIOP,2040.0,,,
TotCapacityAnn,7111.89692844095,,STOCKHOLM,,,,,,,,,,MINSOLIDBIOP,2041.0,,,
TotCapacityAnn,7111.89692844095,,STOCKHOLM,,,,,,,,,,MINSOLIDBIOP,2042.0,,,
TotCapacityAnn,7111.89692844095,,STOCKHOLM,,,,,,,,,,MINSOLIDBIOP,2043.0,,,
TotCapacityAnn,7111.89692844095,,STOCKHOLM,,,,,,,,,,MINSOLIDBIOP,2044.0,,,
TotCapacityAnn,7111.89692844095,,STOCKHOLM,,,,,,,,,,MINSOLIDBIOP,2045.0,,,
TotCapacityAnn,7111.89692844095,,STOCKHOLM,,,,,,,,,,MINSOLIDBIOP,2046.0,,,
TotCapacityAnn,7111.89692844095,,STOCKHOLM,,,,,,,,,,MINSOLIDBIOP,2047.0,,,
TotCapacityAnn,7111.89692844095,,STOCKHOLM,,,,,,,,,,MINSOLIDBIOP,2048.0,,,
TotCapacityAnn,7111.89692844095,,STOCKHOLM,,,,,,,,,,MINSOLIDBIOP,2049.0,,,
TotCapacityAnn,13088.285274240545,,STOCKHOLM,,,,,,,,,,MINBIOOIL,2023.0,,,
TotCapacityAnn,13088.285274240545,,STOCKHOLM,,,,,,,,,,MINBIOOIL,2024.0,,,
TotCapacityAnn,13088.285274240545,,STOCKHOLM,,,,,,,,,,MINBIOOIL,2025.0,,,
TotCapacityAnn,13088.285274240545,,STOCKHOLM,,,,,,,,,,MINBIOOIL,2026.0,,,
TotCapacityAnn,13088.285274240545,,STOCKHOLM,,,,,,,,,,MINBIOOIL,2027.0,,,
TotCapacityAnn,13088.285274240545,,STOCKHOLM,,,,,,,,,,MINBIOOIL,2028.0,,,
TotCapacityAnn,13088.285274240545,,STOCKHOLM,,,,,,,,,,MINBIOOIL,2029.0,,,
TotCapacityAnn,13088.285274240545,,STOCKHOLM,,,,,,,,,,MINBIOOIL,2030.0,,,
TotCapacityAnn,13088.285274240545,,STOCKHOLM,,,,,,,,,,MINBIOOIL,2031.0,,,
TotCapacityAnn,13088.285274240545,,STOCKHOLM,,,,,,,,,,MINBIOOIL,2032.0,,,
TotCapacityAnn,13088.285274240545,,STOCKHOLM,,,,,,,,,,MINBIOOIL,2033.0,,,
TotCapacityAnn,13088.285274240545,,STOCKHOLM,,,,,,,,,,MINBIOOIL,2034.0,,,
TotCapacityAnn,13088.285274240545,,STOCKHOLM,,,,,,,,,,MINBIOOIL,2035.0,,,
TotCapacityAnn,13088.285274240545,,STOCKHOLM,,,,,,,,,,MINBIOOIL,2036.0,,,
TotCapacityAnn,13088.285274240545,,STOCKHOLM,,,,,,,,,,MINBIOOIL,2037.0,,,
TotCapacityAnn,13088.285274240545,,STOCKHOLM,,,,,,,,,,MINBIOOIL,2038.0,,,
TotCapacityAnn,13088.285274240545,,STOCKHOLM,,,,,,,,,,MINBIOOIL,2039.0,,,
TotCapacityAnn,13088.285274240545,,STOCKHOLM,,,,,,,,,,MINBIOOIL,2040.0,,,
TotCapacityAnn,13088.285274240545,,STOCKHOLM,,,,,,,,,,MINBIOOIL,2041.0,,,
TotCapacityAnn,13088.285274240545,,STOCKHOLM,,,,,,,,,,MINBIOOIL,2042.0,,,
TotCapacityAnn,13088.285274240545,,STOCKHOLM,,,,,,,,,,MINBIOOIL,2043.0,,,
TotCapacityAnn,13088.285274240545,,STOCKHOLM,,,,,,,,,,MINBIOOIL,2044.0,,,
TotCapacityAnn,13088.285274240545,,STOCKHOLM,,,,,,,,,,MINBIOOIL,2045.0,,,
TotCapacityAnn,13088.285274240545,,STOCKHOLM,,,,,,,,,,MINBIOOIL,2046.0,,,
TotCapacityAnn,13088.285274240545,,STOCKHOLM,,,,,,,,,,MINBIOOIL,2047.0,,,
TotCapacityAnn,13088.285274240545,,STOCKHOLM,,,,,,,,,,MINBIOOIL,2048.0,,,
TotCapacityAnn,13088.285274240545,,STOCKHOLM,,,,,,,,,,MINBIOOIL,2049.0,,,
TotCapacityAnn,0.0,,STOCKHOLM,,,,,,,,,,MINFINBIOOIL,2023.0,,,
TotCapacityAnn,0.0,,STOCKHOLM,,,,,,,,,,MINFINBIOOIL,2024.0,,,
TotCapacityAnn,0.0,,STOCKHOLM,,,,,,,,,,MINFINBIOOIL,2025.0,,,
TotCapacityAnn,0.0,,STOCKHOLM,,,,,,,,,,MINFINBIOOIL,2026.0,,,
TotCapacityAnn,0.0,,STOCKHOLM,,,,,,,,,,MINFINBIOOIL,2027.0,,,
TotCapacityAnn,0.0,,STOCKHOLM,,,,,,,,,,MINFINBIOOIL,2028.0,,,
TotCapacityAnn,0.0,,STOCKHOLM,,,,,,,,,,MINFINBIOOIL,2029.0,,,
TotCapacityAnn,0.0,,STOCKHOLM,,,,,,,,,,MINFINBIOOIL,2030.0,,,
TotCapacityAnn,0.0,,STOCKHOLM,,,,,,,,,,MINFINBIOOIL,2031.0,,,
TotCapacityAnn,0.0,,STOCKHOLM,,,,,,,,,,MINFINBIOOIL,2032.0,,,
TotCapacityAnn,0.0,,STOCKHOLM,,,,,,,,,,MINFINBIOOIL,2033.0,,,
TotCapacityAnn,0.0,,STOCKHOLM,,,,,,,,,,MINFINBIOOIL,2034.0,,,
TotCapacityAnn,0.0,,STOCKHOLM,,,,,,,,,,MINFINBIOOIL,2035.0,,,
TotCapacityAnn,0.0,,STOCKHOLM,,,,,,,,,,MINFINBIOOIL,2036.0,,,
TotCapacityAnn,0.0,,STOCKHOLM,,,,,,,,,,MINFINBIOOIL,2037.0,,,
TotCapacityAnn,0.0,,STOCKHOLM,,,,,,,,,,MINFINBIOOIL,2038.0,,,
TotCapacityAnn,0.0,,STOCKHOLM,,,,,,,,,,MINFINBIOOIL,2039.0,,,
TotCapacityAnn,0.0,,STOCKHOLM,,,,,,,,,,MINFINBIOOIL,2040.0,,,
TotCapacityAnn,0.0,,STOCKHOLM,,,,,,,,,,MINFINBIOOIL,2041.0,,,
TotCapacityAnn,0.0,,STOCKHOLM,,,,,,,,,,MINFINBIOOIL,2042.0,,,
TotCapacityAnn,0.0,,STOCKHOLM,,,,,,,,,,MINFINBIOOIL,2043.0,,,
TotCapacityAnn,0.0,,STOCKHOLM,,,,,,,,,,MINFINBIOOIL,2044.0,,,
TotCapacityAnn,0.0,,STOCKHOLM,,,,,,,,,,MINFINBIOOIL,2045.0,,,
TotCapacityAnn,0.0,,STOCKHOLM,,,,,,,,,,MINFINBIOOIL,2046.0,,,
TotCapacityAnn,0.0,,STOCKHOLM,,,,,,,,,,MINFINBIOOIL,2047.0,,,
TotCapacityAnn,0.0,,STOCKHOLM,,,,,,,,,,MINFINBIOOIL,2048.0,,,
TotCapacityAnn,0.0,,STOCKHOLM,,,,,,,,,,MINFINBIOOIL,2049.0,,,
TotCapacityAnn,1785.0002673235167,,STOCKHOLM,,,,,,,,,,DHN,2023.0,,,
TotCapacityAnn,1793.925268656856,,STOCKHOLM,,,,,,,,,,DHN,2024.0,,,
TotCapacityAnn,1802.8948950038937,,STOCKHOLM,,,,,,,,,,DHN,2025.0,,,
TotCapacityAnn,1811.9093694769592,,STOCKHOLM,,,,,,,,,,DHN,2026.0,,,
TotCapacityAnn,1820.968916318974,,STOCKHOLM,,,,,,,,,,DHN,2027.0,,,
TotCapacityAnn,1830.0737609080209,,STOCKHOLM,,,,,,,,,,DHN,2028.0,,,
TotCapacityAnn,1839.224129709853,,STOCKHOLM,,,,,,,,,,DHN,2029.0,,,
TotCapacityAnn,1848.420250354608,,STOCKHOLM,,,,,,,,,,DHN,2030.0,,,
TotCapacityAnn,1857.6623516066686,,STOCKHOLM,,,,,,,,,,DHN,2031.0,,,
TotCapacityAnn,1866.9506633719716,,STOCKHOLM,,,,,,,,,,DHN,2032.0,,,
TotCapacityAnn,1876.2854166861327,,STOCKHOLM,,,,,,,,,,DHN,2033.0,,,
TotCapacityAnn,1885.6668437710703,,STOCKHOLM,,,,,,,,,,DHN,2034.0,,,
TotCapacityAnn,1895.0951779829486,,STOCKHOLM,,,,,,,,,,DHN,2035.0,,,
TotCapacityAnn,1904.5706538742786,,STOCKHOLM,,,,,,,,,,DHN,2036.0,,,
TotCapacityAnn,1914.0935071446042,,STOCKHOLM,,,,,,,,,,DHN,2037.0,,,
TotCapacityAnn,1923.6639746861629,,STOCKHOLM,,,,,,,,,,DHN,2038.0,,,
TotCapacityAnn,1933.2822945537494,,STOCKHOLM,,,,,,,,,,DHN,2039.0,,,
TotCapacityAnn,1942.9487060286413,,STOCKHOLM,,,,,,,,,,DHN,2040.0,,,
TotCapacityAnn,1952.6634495574147,,STOCKHOLM,,,,,,,,,,DHN,2041.0,,,
TotCapacityAnn,1962.4267668049092,,STOCKHOLM,,,,,,,,,,DHN,2042.0,,,
TotCapacityAnn,1972.2389006423584,,STOCKHOLM,,,,,,,,,,DHN,2043.0,,,
TotCapacityAnn,1982.1000951409949,,STOCKHOLM,,,,,,,,,,DHN,2044.0,,,
TotCapacityAnn,1992.0105956213667,,STOCKHOLM,,,,,,,,,,DHN,2045.0,,,
TotCapacityAnn,2001.9706485948889,,STOCKHOLM,,,,,,,,,,DHN,2046.0,,,
TotCapacityAnn,2011.9805018359914,,STOCKHOLM,,,,,,,,,,DHN,2047.0,,,
TotCapacityAnn,2022.0404043483265,,STOCKHOLM,,,,,,,,,,DHN,2048.0,,,
TotCapacityAnn,2032.1506063739039,,STOCKHOLM,,,,,,,,,,DHN,2049.0,,,
TotCapacityAnn,408.45626840939383,,STOCKHOLM,,,,,,,,,,CSDEMAND,2023.0,,,
TotCapacityAnn,410.4985497518609,,STOCKHOLM,,,,,,,,,,CSDEMAND,2024.0,,,
TotCapacityAnn,412.55104250072065,,STOCKHOLM,,,,,,,,,,CSDEMAND,2025.0,,,
TotCapacityAnn,414.6137977135074,,STOCKHOLM,,,,,,,,,,CSDEMAND,2026.0,,,
TotCapacityAnn,416.6868667016366,,STOCKHOLM,,,,,,,,,,CSDEMAND,2027.0,,,
TotCapacityAnn,418.7703010349712,,STOCKHOLM,,,,,,,,,,CSDEMAND,2028.0,,,
TotCapacityAnn,420.8641525399954,,STOCKHOLM,,,,,,,,,,CSDEMAND,2029.0,,,
TotCapacityAnn,422.96847330346714,,STOCKHOLM,,,,,,,,,,CSDEMAND,2030.0,,,
TotCapacityAnn,425.08331566967854,,STOCKHOLM,,,,,,,,,,CSDEMAND,2031.0,,,
TotCapacityAnn,427.2087322477621,,STOCKHOLM,,,,,,,,,,CSDEMAND,2032.0,,,
TotCapacityAnn,429.3447759089507,,STOCKHOLM,,,,,,,,,,CSDEMAND,2033.0,,,
TotCapacityAnn,431.49149978840404,,STOCKHOLM,,,,,,,,,,CSDEMAND,2034.0,,,
TotCapacityAnn,433.64895728794886,,STOCKHOLM,,,,,,,,,,CSDEMAND,2035.0,,,
TotCapacityAnn,435.8172020742516,,STOCKHOLM,,,,,,,,,,CSDEMAND,2036.0,,,
TotCapacityAnn,437.9962880842986,,STOCKHOLM,,,,,,,,,,CSDEMAND,2037.0,,,
TotCapacityAnn,440.1862695253959,,STOCKHOLM,,,,,,,,,,CSDEMAND,2038.0,,,
TotCapacityAnn,442.38720087242933,,STOCKHOLM,,,,,,,,,,CSDEMAND,2039.0,,,
TotCapacityAnn,444.5991368769969,,STOCKHOLM,,,,,,,,,,CSDEMAND,2040.0,,,
TotCapacityAnn,446.82213256101664,,STOCKHOLM,,,,,,,,,,CSDEMAND,2041.0,,,
TotCapacityAnn,449.05624322403173,,STOCKHOLM,,,,,,,,,,CSDEMAND,2042.0,,,
TotCapacityAnn,451.30152444047155,,STOCKHOLM,,,,,,,,,,CSDEMAND,2043.0,,,
TotCapacityAnn,453.5580320623908,,STOCKHOLM,,,,,,,,,,CSDEMAND,2044.0,,,
TotCapacityAnn,455.8258222231229,,STOCKHOLM,,,,,,,,,,CSDEMAND,2045.0,,,
TotCapacityAnn,458.1049513336266,,STOCKHOLM,,,,,,,,,,CSDEMAND,2046.0,,,
TotCapacityAnn,460.3954760907057,,STOCKHOLM,,,,,,,,,,CSDEMAND,2047.0,,,
TotCapacityAnn,462.6974534706159,,STOCKHOLM,,,,,,,,,,CSDEMAND,2048.0,,,
TotCapacityAnn,465.0109407381973,,STOCKHOLM,,,,,,,,,,CSDEMAND,2049.0,,,
TotCapacityAnn,0.0,,STOCKHOLM,,,,,,,,,,LSVTACHP,2023.0,,,
TotCapacityAnn,0.0,,STOCKHOLM,,,,,,,,,,LSVTACHP,2024.0,,,
TotCapacityAnn,0.0,,STOCKHOLM,,,,,,,,,,LSVTACHP,2025.0,,,
TotCapacityAnn,0.0,,STOCKHOLM,,,,,,,,,,LSVTACHP,2026.0,,,
TotCapacityAnn,0.0,,STOCKHOLM,,,,,,,,,,LSVTACHP,2027.0,,,
TotCapacityAnn,156.08884830028032,,STOCKHOLM,,,,,,,,,,LSVTACHP,2028.0,,,
TotCapacityAnn,156.08884830028032,,STOCKHOLM,,,,,,,,,,LSVTACHP,2029.0,,,
TotCapacityAnn,156.08884830028032,,STOCKHOLM,,,,,,,,,,LSVTACHP,2030.0,,,
TotCapacityAnn,156.08884830028032,,STOCKHOLM,,,,,,,,,,LSVTACHP,2031.0,,,
TotCapacityAnn,156.08884830028032,,STOCKHOLM,,,,,,,,,,LSVTACHP,2032.0,,,
TotCapacityAnn,156.08884830028032,,STOCKHOLM,,,,,,,,,,LSVTACHP,2033.0,,,
TotCapacityAnn,156.08884830028032,,STOCKHOLM,,,,,,,,,,LSVTACHP,2034.0,,,
TotCapacityAnn,166.76999088436813,,STOCKHOLM,,,,,,,,,,LSVTACHP,2035.0,,,
TotCapacityAnn,166.76999088436813,,STOCKHOLM,,,,,,,,,,LSVTACHP,2036.0,,,
TotCapacityAnn,192.5683673066909,,STOCKHOLM,,,,,,,,,,LSVTACHP,2037.0,,,
TotCapacityAnn,213.55289908681507,,STOCKHOLM,,,,,,,,,,LSVTACHP,2038.0,,,
TotCapacityAnn,224.78230685521697,,STOCKHOLM,,,,,,,,,,LSVTACHP,2039.0,,,
TotCapacityAnn,234.7657696338861,,STOCKHOLM,,,,,,,,,,LSVTACHP,2040.0,,,
TotCapacityAnn,256.6006863561333,,STOCKHOLM,,,,,,,,,,LSVTACHP,2041.0,,,
TotCapacityAnn,285.95315165990564,,STOCKHOLM,,,,,,,,,,LSVTACHP,2042.0,,,
TotCapacityAnn,304.2641990670057,,STOCKHOLM,,,,,,,,,,LSVTACHP,2043.0,,,
TotCapacityAnn,335.5163439856366,,STOCKHOLM,,,,,,,,,,LSVTACHP,2044.0,,,
TotCapacityAnn,360.10810448694735,,STOCKHOLM,,,,,,,,,,LSVTACHP,2045.0,,,
TotCapacityAnn,360.10810448694735,,STOCKHOLM,,,,,,,,,,LSVTACHP,2046.0,,,
TotCapacityAnn,360.10810448694735,,STOCKHOLM,,,,,,,,,,LSVTACHP,2047.0,,,
TotCapacityAnn,360.10810448694735,,STOCKHOLM,,,,,,,,,,LSVTACHP,2048.0,,,
TotCapacityAnn,378.97240865583086,,STOCKHOLM,,,,,,,,,,LSVTACHP,2049.0,,,
TotCapacityAnn,0.0,,STOCKHOLM,,,,,,,,,,SUPACC,2023.0,,,
TotCapacityAnn,0.0,,STOCKHOLM,,,,,,,,,,SUPACC,2024.0,,,
TotCapacityAnn,0.0,,STOCKHOLM,,,,,,,,,,SUPACC,2025.0,,,
TotCapacityAnn,0.0,,STOCKHOLM,,,,,,,,,,SUPACC,2026.0,,,
TotCapacityAnn,0.0,,STOCKHOLM,,,,,,,,,,SUPACC,2027.0,,,
TotCapacityAnn,0.0,,STOCKHOLM,,,,,,,,,,SUPACC,2028.0,,,
TotCapacityAnn,0.17166640276088557,,STOCKHOLM,,,,,,,,,,SUPACC,2029.0,,,
TotCapacityAnn,0.1716664027602158,,STOCKHOLM,,,,,,,,,,SUPACC,2030.0,,,
TotCapacityAnn,0.8554216136153732,,STOCKHOLM,,,,,,,,,,SUPACC,2031.0,,,
TotCapacityAnn,1.115694196706432,,STOCKHOLM,,,,,,,,,,SUPACC,2032.0,,,
TotCapacityAnn,2.3549450792465842,,STOCKHOLM,,,,,,,,,,SUPACC,2033.0,,,
TotCapacityAnn,12.767710812902035,,STOCKHOLM,,,,,,,,,,SUPACC,2034.0,,,
TotCapacityAnn,18.40603524557496,,STOCKHOLM,,,,,,,,,,SUPACC,2035.0,,,
TotCapacityAnn,19.493735922426808,,STOCKHOLM,,,,,,,,,,SUPACC,2036.0,,,
TotCapacityAnn,21.728004786392496,,STOCKHOLM,,,,,,,,,,SUPACC,2037.0,,,
TotCapacityAnn,24.074704572135037,,STOCKHOLM,,,,,,,,,,SUPACC,2038.0,,,
TotCapacityAnn,27.33400983011081,,STOCKHOLM,,,,,,,,,,SUPACC,2039.0,,,
TotCapacityAnn,28.904676482355878,,STOCKHOLM,,,,,,,,,,SUPACC,2040.0,,,
TotCapacityAnn,30.990631847460385,,STOCKHOLM,,,,,,,,,,SUPACC,2041.0,,,
TotCapacityAnn,50.13531847654072,,STOCKHOLM,,,,,,,,,,SUPACC,2042.0,,,
TotCapacityAnn,70.37512261020478,,STOCKHOLM,,,,,,,,,,SUPACC,2043.0,,,
TotCapacityAnn,73.78284847105037,,STOCKHOLM,,,,,,,,,,SUPACC,2044.0,,,
TotCapacityAnn,78.93841163545987,,STOCKHOLM,,,,,,,,,,SUPACC,2045.0,,,
TotCapacityAnn,79.11509258917314,,STOCKHOLM,,,,,,,,,,SUPACC,2046.0,,,
TotCapacityAnn,79.11509258917314,,STOCKHOLM,,,,,,,,,,SUPACC,2047.0,,,
TotCapacityAnn,80.75577277353484,,STOCKHOLM,,,,,,,,,,SUPACC,2048.0,,,
TotCapacityAnn,116.30279567461479,,STOCKHOLM,,,,,,,,,,SUPACC,2049.0,,,
TotCapacityAnn,0.0,,STOCKHOLM,,,,,,,,,,DCACC,2023.0,,,
TotCapacityAnn,0.0,,STOCKHOLM,,,,,,,,,,DCACC,2024.0,,,
TotCapacityAnn,0.0,,STOCKHOLM,,,,,,,,,,DCACC,2025.0,,,
TotCapacityAnn,0.0,,STOCKHOLM,,,,,,,,,,DCACC,2026.0,,,
TotCapacityAnn,0.0,,STOCKHOLM,,,,,,,,,,DCACC,2027.0,,,
TotCapacityAnn,50.0,,STOCKHOLM,,,,,,,,,,DCACC,2028.0,,,
TotCapacityAnn,125.0,,STOCKHOLM,,,,,,,,,,DCACC,2029.0,,,
TotCapacityAnn,200.0,,STOCKHOLM,,,,,,,,,,DCACC,2030.0,,,
TotCapacityAnn,275.0,,STOCKHOLM,,,,,,,,,,DCACC,2031.0,,,
TotCapacityAnn,375.0,,STOCKHOLM,,,,,,,,,,DCACC,2032.0,,,
TotCapacityAnn,475.0,,STOCKHOLM,,,,,,,,,,DCACC,2033.0,,,
TotCapacityAnn,577.4135929760125,,STOCKHOLM,,,,,,,,,,DCACC,2034.0,,,
TotCapacityAnn,578.0558772838104,,STOCKHOLM,,,,,,,,,,DCACC,2035.0,,,
TotCapacityAnn,578.0558772838104,,STOCKHOLM,,,,,,,,,,DCACC,2036.0,,,
TotCapacityAnn,578.0558772838104,,STOCKHOLM,,,,,,,,,,DCACC,2037.0,,,
TotCapacityAnn,578.0558772838104,,STOCKHOLM,,,,,,,,,,DCACC,2038.0,,,
TotCapacityAnn,578.0558772838104,,STOCKHOLM,,,,,,,,,,DCACC,2039.0,,,
TotCapacityAnn,578.0558772838104,,STOCKHOLM,,,,,,,,,,DCACC,2040.0,,,
TotCapacityAnn,578.0558772838104,,STOCKHOLM,,,,,,,,,,DCACC,2041.0,,,
TotCapacityAnn,578.0558772838104,,STOCKHOLM,,,,,,,,,,DCACC,2042.0,,,
TotCapacityAnn,578.0558772838104,,STOCKHOLM,,,,,,,,,,DCACC,2043.0,,,
TotCapacityAnn,578.0558772838104,,STOCKHOLM,,,,,,,,,,DCACC,2044.0,,,
TotCapacityAnn,578.0558772838104,,STOCKHOLM,,,,,,,,,,DCACC,2045.0,,,
TotCapacityAnn,578.0558772838104,,STOCKHOLM,,,,,,,,,,DCACC,2046.0,,,
TotCapacityAnn,578.0558772838104,,STOCKHOLM,,,,,,,,,,DCACC,2047.0,,,
TotCapacityAnn,578.0558772838104,,STOCKHOLM,,,,,,,,,,DCACC,2048.0,,,
TotCapacityAnn,578.0558772838104,,STOCKHOLM,,,,,,,,,,DCACC,2049.0,,,
TotCapacityAnn,0.0,,STOCKHOLM,,,,,,,,,,SEWACC,2023.0,,,
TotCapacityAnn,0.0,,STOCKHOLM,,,,,,,,,,SEWACC,2024.0,,,
TotCapacityAnn,0.0,,STOCKHOLM,,,,,,,,,,SEWACC,2025.0,,,
TotCapacityAnn,0.0,,STOCKHOLM,,,,,,,,,,SEWACC,2026.0,,,
TotCapacityAnn,0.0,,STOCKHOLM,,,,,,,,,,SEWACC,2027.0,,,
TotCapacityAnn,0.0,,STOCKHOLM,,,,,,,,,,SEWACC,2028.0,,,
TotCapacityAnn,0.0,,STOCKHOLM,,,,,,,,,,SEWACC,2029.0,,,
TotCapacityAnn,3.0354835447045487,,STOCKHOLM,,,,,,,,,,SEWACC,2030.0,,,
TotCapacityAnn,7.028908720595252,,STOCKHOLM,,,,,,,,,,SEWACC,2031.0,,,
TotCapacityAnn,7.1089123043191496,,STOCKHOLM,,,,,,,,,,SEWACC,2032.0,,,
TotCapacityAnn,7.234097881586925,,STOCKHOLM,,,,,,,,,,SEWACC,2033.0,,,
TotCapacityAnn,7.371167298201571,,STOCKHOLM,,,,,,,,,,SEWACC,2034.0,,,
TotCapacityAnn,7.376210031164712,,STOCKHOLM,,,,,,,,,,SEWACC,2035.0,,,
TotCapacityAnn,7.376210031164712,,STOCKHOLM,,,,,,,,,,SEWACC,2036.0,,,
TotCapacityAnn,7.415715400229096,,STOCKHOLM,,,,,,,,,,SEWACC,2037.0,,,
TotCapacityAnn,7.415715400229096,,STOCKHOLM,,,,,,,,,,SEWACC,2038.0,,,
TotCapacityAnn,7.415715400229096,,STOCKHOLM,,,,,,,,,,SEWACC,2039.0,,,
TotCapacityAnn,7.415715400229096,,STOCKHOLM,,,,,,,,,,SEWACC,2040.0,,,
TotCapacityAnn,7.415715400229096,,STOCKHOLM,,,,,,,,,,SEWACC,2041.0,,,
TotCapacityAnn,7.420753549021652,,STOCKHOLM,,,,,,,,,,SEWACC,2042.0,,,
TotCapacityAnn,7.445530152310822,,STOCKHOLM,,,,,,,,,,SEWACC,2043.0,,,
TotCapacityAnn,7.652760275820261,,STOCKHOLM,,,,,,,,,,SEWACC,2044.0,,,
TotCapacityAnn,7.652760275820261,,STOCKHOLM,,,,,,,,,,SEWACC,2045.0,,,
TotCapacityAnn,7.652760275820261,,STOCKHOLM,,,,,,,,,,SEWACC,2046.0,,,
TotCapacityAnn,7.652760275820261,,STOCKHOLM,,,,,,,,,,SEWACC,2047.0,,,
TotCapacityAnn,7.652760275820261,,STOCKHOLM,,,,,,,,,,SEWACC,2048.0,,,
TotCapacityAnn,7.652760275820261,,STOCKHOLM,,,,,,,,,,SEWACC,2049.0,,,
TotCapacityAnn,678.3303183249137,,STOCKHOLM,,,,,,,,,,DHNCS,2023.0,,,
TotCapacityAnn,678.3303183249137,,STOCKHOLM,,,,,,,,,,DHNCS,2024.0,,,
TotCapacityAnn,678.3303183249137,,STOCKHOLM,,,,,,,,,,DHNCS,2025.0,,,
TotCapacityAnn,678.3303183249137,,STOCKHOLM,,,,,,,,,,DHNCS,2026.0,,,
TotCapacityAnn,678.3303183249137,,STOCKHOLM,,,,,,,,,,DHNCS,2027.0,,,
TotCapacityAnn,678.3303183249137,,STOCKHOLM,,,,,,,,,,DHNCS,2028.0,,,
TotCapacityAnn,678.3303183249137,,STOCKHOLM,,,,,,,,,,DHNCS,2029.0,,,
TotCapacityAnn,678.3303183249137,,STOCKHOLM,,,,,,,,,,DHNCS,2030.0,,,
TotCapacityAnn,678.3303183249137,,STOCKHOLM,,,,,,,,,,DHNCS,2031.0,,,
TotCapacityAnn,678.3303183249137,,STOCKHOLM,,,,,,,,,,DHNCS,2032.0,,,
TotCapacityAnn,678.3303183249137,,STOCKHOLM,,,,,,,,,,DHNCS,2033.0,,,
TotCapacityAnn,678.3303183249137,,STOCKHOLM,,,,,,,,,,DHNCS,2034.0,,,
TotCapacityAnn,678.3303183249137,,STOCKHOLM,,,,,,,,,,DHNCS,2035.0,,,
TotCapacityAnn,678.3303183249137,,STOCKHOLM,,,,,,,,,,DHNCS,2036.0,,,
TotCapacityAnn,678.3303183249137,,STOCKHOLM,,,,,,,,,,DHNCS,2037.0,,,
TotCapacityAnn,678.3303183249137,,STOCKHOLM,,,,,,,,,,DHNCS,2038.0,,,
TotCapacityAnn,678.3303183249137,,STOCKHOLM,,,,,,,,,,DHNCS,2039.0,,,
TotCapacityAnn,678.3303183249137,,STOCKHOLM,,,,,,,,,,DHNCS,2040.0,,,
TotCapacityAnn,678.3303183249137,,STOCKHOLM,,,,,,,,,,DHNCS,2041.0,,,
TotCapacityAnn,678.3303183249137,,STOCKHOLM,,,,,,,,,,DHNCS,2042.0,,,
TotCapacityAnn,678.3303183249137,,STOCKHOLM,,,,,,,,,,DHNCS,2043.0,,,
TotCapacityAnn,678.3303183249137,,STOCKHOLM,,,,,,,,,,DHNCS,2044.0,,,
TotCapacityAnn,678.3303183249137,,STOCKHOLM,,,,,,,,,,DHNCS,2045.0,,,
TotCapacityAnn,678.3303183249137,,STOCKHOLM,,,,,,,,,,DHNCS,2046.0,,,
TotCapacityAnn,678.3303183249137,,STOCKHOLM,,,,,,,,,,DHNCS,2047.0,,,
TotCapacityAnn,678.3303183249137,,STOCKHOLM,,,,,,,,,,DHNCS,2048.0,,,
TotCapacityAnn,678.3303183249137,,STOCKHOLM,,,,,,,,,,DHNCS,2049.0,,,
TotCapacityAnn,1106.6699489986029,,STOCKHOLM,,,,,,,,,,DHNNV,2023.0,,,
TotCapacityAnn,1115.594950331942,,STOCKHOLM,,,,,,,,,,DHNNV,2024.0,,,
TotCapacityAnn,1124.5645766789798,,STOCKHOLM,,,,,,,,,,DHNNV,2025.0,,,
TotCapacityAnn,1133.5790511520452,,STOCKHOLM,,,,,,,,,,DHNNV,2026.0,,,
TotCapacityAnn,1142.63859799406,,STOCKHOLM,,,,,,,,,,DHNNV,2027.0,,,
TotCapacityAnn,1142.63859799406,,STOCKHOLM,,,,,,,,,,DHNNV,2028.0,,,
TotCapacityAnn,1142.63859799406,,STOCKHOLM,,,,,,,,,,DHNNV,2029.0,,,
TotCapacityAnn,1142.63859799406,,STOCKHOLM,,,,,,,,,,DHNNV,2030.0,,,
TotCapacityAnn,1142.63859799406,,STOCKHOLM,,,,,,,,,,DHNNV,2031.0,,,
TotCapacityAnn,1142.63859799406,,STOCKHOLM,,,,,,,,,,DHNNV,2032.0,,,
TotCapacityAnn,1142.63859799406,,STOCKHOLM,,,,,,,,,,DHNNV,2033.0,,,
TotCapacityAnn,1142.63859799406,,STOCKHOLM,,,,,,,,,,DHNNV,2034.0,,,
TotCapacityAnn,1142.63859799406,,STOCKHOLM,,,,,,,,,,DHNNV,2035.0,,,
TotCapacityAnn,1142.63859799406,,STOCKHOLM,,,,,,,,,,DHNNV,2036.0,,,
TotCapacityAnn,1142.63859799406,,STOCKHOLM,,,,,,,,,,DHNNV,2037.0,,,
TotCapacityAnn,1142.63859799406,,STOCKHOLM,,,,,,,,,,DHNNV,2038.0,,,
TotCapacityAnn,1142.63859799406,,STOCKHOLM,,,,,,,,,,DHNNV,2039.0,,,
TotCapacityAnn,1142.63859799406,,STOCKHOLM,,,,,,,,,,DHNNV,2040.0,,,
TotCapacityAnn,1142.63859799406,,STOCKHOLM,,,,,,,,,,DHNNV,2041.0,,,
TotCapacityAnn,1142.63859799406,,STOCKHOLM,,,,,,,,,,DHNNV,2042.0,,,
TotCapacityAnn,1142.63859799406,,STOCKHOLM,,,,,,,,,,DHNNV,2043.0,,,
TotCapacityAnn,1142.63859799406,,STOCKHOLM,,,,,,,,,,DHNNV,2044.0,,,
TotCapacityAnn,1142.63859799406,,STOCKHOLM,,,,,,,,,,DHNNV,2045.0,,,
TotCapacityAnn,1142.63859799406,,STOCKHOLM,,,,,,,,,,DHNNV,2046.0,,,
TotCapacityAnn,1142.63859799406,,STOCKHOLM,,,,,,,,,,DHNNV,2047.0,,,
TotCapacityAnn,1142.63859799406,,STOCKHOLM,,,,,,,,,,DHNNV,2048.0,,,
TotCapacityAnn,1142.63859799406,,STOCKHOLM,,,,,,,,,,DHNNV,2049.0,,,
TotCapacityAnn,49680.00000003192,,STOCKHOLM,,,,,,,,,,MINLND,2023.0,,,
TotCapacityAnn,49680.00000003192,,STOCKHOLM,,,,,,,,,,MINLND,2024.0,,,
TotCapacityAnn,49680.00000003192,,STOCKHOLM,,,,,,,,,,MINLND,2025.0,,,
TotCapacityAnn,49680.00000003192,,STOCKHOLM,,,,,,,,,,MINLND,2026.0,,,
TotCapacityAnn,49680.00000003192,,STOCKHOLM,,,,,,,,,,MINLND,2027.0,,,
TotCapacityAnn,49680.00000003192,,STOCKHOLM,,,,,,,,,,MINLND,2028.0,,,
TotCapacityAnn,49680.00000003192,,STOCKHOLM,,,,,,,,,,MINLND,2029.0,,,
TotCapacityAnn,49680.00000003192,,STOCKHOLM,,,,,,,,,,MINLND,2030.0,,,
TotCapacityAnn,49680.00000003192,,STOCKHOLM,,,,,,,,,,MINLND,2031.0,,,
TotCapacityAnn,49680.00000003192,,STOCKHOLM,,,,,,,,,,MINLND,2032.0,,,
TotCapacityAnn,49680.00000003192,,STOCKHOLM,,,,,,,,,,MINLND,2033.0,,,
TotCapacityAnn,49680.00000003192,,STOCKHOLM,,,,,,,,,,MINLND,2034.0,,,
TotCapacityAnn,49680.00000003192,,STOCKHOLM,,,,,,,,,,MINLND,2035.0,,,
TotCapacityAnn,49680.00000003192,,STOCKHOLM,,,,,,,,,,MINLND,2036.0,,,
TotCapacityAnn,49680.00000003192,,STOCKHOLM,,,,,,,,,,MINLND,2037.0,,,
TotCapacityAnn,49680.00000003192,,STOCKHOLM,,,,,,,,,,MINLND,2038.0,,,
TotCapacityAnn,49680.00000003192,,STOCKHOLM,,,,,,,,,,MINLND,2039.0,,,
TotCapacityAnn,49680.00000003192,,STOCKHOLM,,,,,,,,,,MINLND,2040.0,,,
TotCapacityAnn,49680.00000003192,,STOCKHOLM,,,,,,,,,,MINLND,2041.0,,,
TotCapacityAnn,49680.00000003192,,STOCKHOLM,,,,,,,,,,MINLND,2042.0,,,
TotCapacityAnn,49680.00000003192,,STOCKHOLM,,,,,,,,,,MINLND,2043.0,,,
TotCapacityAnn,49680.00000003192,,STOCKHOLM,,,,,,,,,,MINLND,2044.0,,,
TotCapacityAnn,49680.00000003192,,STOCKHOLM,,,,,,,,,,MINLND,2045.0,,,
TotCapacityAnn,49680.00000003192,,STOCKHOLM,,,,,,,,,,MINLND,2046.0,,,
TotCapacityAnn,49680.00000003192,,STOCKHOLM,,,,,,,,,,MINLND,2047.0,,,
TotCapacityAnn,49680.00000003192,,STOCKHOLM,,,,,,,,,,MINLND,2048.0,,,
TotCapacityAnn,49680.00000003192,,STOCKHOLM,,,,,,,,,,MINLND,2049.0,,,
TotCapacityAnn,0.0,,STOCKHOLM,,,,,,,,,,IMPWASTE,2023.0,,,
TotCapacityAnn,0.0,,STOCKHOLM,,,,,,,,,,IMPWASTE,2024.0,,,
TotCapacityAnn,0.0,,STOCKHOLM,,,,,,,,,,IMPWASTE,2025.0,,,
TotCapacityAnn,901.1814309626811,,STOCKHOLM,,,,,,,,,,IMPWASTE,2026.0,,,
TotCapacityAnn,2368.797958672298,,STOCKHOLM,,,,,,,,,,IMPWASTE,2027.0,,,
TotCapacityAnn,10346.000000006541,,STOCKHOLM,,,,,,,,,,IMPWASTE,2028.0,,,
TotCapacityAnn,10346.000000006541,,STOCKHOLM,,,,,,,,,,IMPWASTE,2029.0,,,
TotCapacityAnn,10346.000000006541,,STOCKHOLM,,,,,,,,,,IMPWASTE,2030.0,,,
TotCapacityAnn,10346.000000006541,,STOCKHOLM,,,,,,,,,,IMPWASTE,2031.0,,,
TotCapacityAnn,10346.000000006541,,STOCKHOLM,,,,,,,,,,IMPWASTE,2032.0,,,
TotCapacityAnn,10346.000000006541,,STOCKHOLM,,,,,,,,,,IMPWASTE,2033.0,,,
TotCapacityAnn,10346.000000006541,,STOCKHOLM,,,,,,,,,,IMPWASTE,2034.0,,,
TotCapacityAnn,10346.000000006541,,STOCKHOLM,,,,,,,,,,IMPWASTE,2035.0,,,
TotCapacityAnn,10346.000000006541,,STOCKHOLM,,,,,,,,,,IMPWASTE,2036.0,,,
TotCapacityAnn,10346.000000006541,,STOCKHOLM,,,,,,,,,,IMPWASTE,2037.0,,,
TotCapacityAnn,10346.000000006541,,STOCKHOLM,,,,,,,,,,IMPWASTE,2038.0,,,
TotCapacityAnn,10346.000000006541,,STOCKHOLM,,,,,,,,,,IMPWASTE,2039.0,,,
TotCapacityAnn,10346.000000006541,,STOCKHOLM,,,,,,,,,,IMPWASTE,2040.0,,,
TotCapacityAnn,10346.000000006541,,STOCKHOLM,,,,,,,,,,IMPWASTE,2041.0,,,
TotCapacityAnn,10346.000000006541,,STOCKHOLM,,,,,,,,,,IMPWASTE,2042.0,,,
TotCapacityAnn,10346.000000006541,,STOCKHOLM,,,,,,,,,,IMPWASTE,2043.0,,,
TotCapacityAnn,10346.000000006541,,STOCKHOLM,,,,,,,,,,IMPWASTE,2044.0,,,
TotCapacityAnn,10346.000000006541,,STOCKHOLM,,,,,,,,,,IMPWASTE,2045.0,,,
TotCapacityAnn,10346.000000006541,,STOCKHOLM,,,,,,,,,,IMPWASTE,2046.0,,,
TotCapacityAnn,10346.000000006541,,STOCKHOLM,,,,,,,,,,IMPWASTE,2047.0,,,
TotCapacityAnn,10346.000000006541,,STOCKHOLM,,,,,,,,,,IMPWASTE,2048.0,,,
TotCapacityAnn,10346.000000006541,,STOCKHOLM,,,,,,,,,,IMPWASTE,2049.0,,,
